Unnamed: 0,date,site,SNOD,ant1d_SNOD,delta,day,pai_mean,pai_sd,rumple,height_max,height_mean,height_95pct,canopy_relief_ratio,entropy,pct_conifer,ndvi_total_mean,ndvi_con_mean,vertical_gap_fraction,Elevation,X,mean_temp,max_temp,min_temp,total_solar,pressure,rel_humidity,precip,avg_wind_speed,max_wind_speed,ant3d_precip
20,2022-11-17,RB11,4.8976,-0.1024,5.0,321,0.611050436497611,0.163885588676811,1.14045499203753,14.6448,5.21218581737797,13.33956,0.339336252211993,0.441617601639001,0.172174396001111,0.186138005779931,0.258158531837296,0.0,388.039,8300,-4.16416265831642,-1.15999594688418,-5.75999601542952,657.000009790063,94867.9166666667,94.4467978003825,6.00000008940697,4.36378072091457,7.08307853233201,16.400000244379
25,2022-11-18,RB11,3.8976,4.8976,-1.0,322,0.611050436497611,0.163885588676811,1.14045499203753,14.6448,5.21218581737797,13.33956,0.339336252211993,0.441617601639001,0.172174396001111,0.186138005779931,0.258158531837296,0.0,388.039,8301,-5.79749601598832,-2.75999597072604,-8.65999605864289,1141.60001701117,95316.6666666667,91.667459808311,0.400000005960464,4.85322326387179,7.94040313076335,22.400000333786
34,2022-11-20,RB11,2.8976,-0.1024,3.0,324,0.611050436497611,0.163885588676811,1.14045499203753,14.6448,5.21218581737797,13.33956,0.339336252211993,0.441617601639001,0.172174396001111,0.186138005779931,0.258158531837296,0.0,388.039,8303,-6.89332936565084,-5.75999601542952,-9.25999606758359,1744.40002599359,95250.8333333333,87.06884901543,2.30000003427267,5.6777159559759,10.5475117120347,8.30000012367964
43,2022-11-22,RB11,1.8976,-1.1024,3.0,326,0.611050436497611,0.163885588676811,1.14045499203753,14.6448,5.21218581737797,13.33956,0.339336252211993,0.441617601639001,0.172174396001111,0.186138005779931,0.258158531837296,0.0,388.039,8305,-4.19749599214646,-1.85999595731499,-8.25999605268242,2268.90003380924,96156.25,82.1411395993157,0.0,5.29498881880372,9.41541303618571,4.20000006258488
52,2022-11-24,RB11,0.897600000000001,-0.1024,1.0,328,0.611050436497611,0.163885588676811,1.14045499203753,14.6448,5.21218581737797,13.33956,0.339336252211993,0.441617601639001,0.172174396001111,0.186138005779931,0.258158531837296,0.0,388.039,8307,-4.0641626568263,1.94000409930942,-7.75999604523184,2194.40003269911,96670.8333333333,94.3987724579423,0.0,0.561328869355798,2.56320116178993,0.0
190,2022-12-16,RB11,13.8976,-3.1024,17.0,350,0.611050436497611,0.163885588676811,1.14045499203753,14.6448,5.21218581737797,13.33956,0.339336252211993,0.441617601639001,0.172174396001111,0.186138005779931,0.258158531837296,0.0,388.039,8329,-2.34749596457931,-1.15999594688418,-3.55999598264697,921.20001372695,95619.5833333333,98.5823718305898,8.60000012814999,6.21947084994147,8.37735054128255,0.800000011920929
201,2022-12-17,RB11,19.8976,13.8976,6.0,351,0.611050436497611,0.163885588676811,1.14045499203753,14.6448,5.21218581737797,13.33956,0.339336252211993,0.441617601639001,0.172174396001111,0.186138005779931,0.258158531837296,0.0,388.039,8330,-2.1266626279553,-1.05999594539406,-3.05999597519639,1193.00001777709,94487.0833333333,100.0,11.200000166893,3.39679389120079,7.02637897293767,9.40000014007092
212,2022-12-18,RB11,17.3976,19.8976,-2.5,352,0.611050436497611,0.163885588676811,1.14045499203753,14.6448,5.21218581737797,13.33956,0.339336252211993,0.441617601639001,0.172174396001111,0.186138005779931,0.258158531837296,0.0,388.039,8331,-3.75582931889844,-2.55999596774581,-5.15999600648883,971.200014472008,94843.75,94.1771442864686,0.500000007450581,3.99851406564389,7.06823892415388,19.800000295043
223,2022-12-19,RB11,17.8976,17.3976,0.5,353,0.611050436497611,0.163885588676811,1.14045499203753,14.6448,5.21218581737797,13.33956,0.339336252211993,0.441617601639001,0.172174396001111,0.186138005779931,0.258158531837296,0.0,388.039,8332,-4.95166267005108,-3.85999598711732,-7.05999603480103,994.100014813244,95590.4166666667,95.1950376998126,0.800000011920929,5.00089283319304,7.63216887496505,20.3000003024936
235,2022-12-20,RB11,14.8976,17.8976,-3.0,354,0.611050436497611,0.163885588676811,1.14045499203753,14.6448,5.21218581737797,13.33956,0.339336252211993,0.441617601639001,0.172174396001111,0.186138005779931,0.258158531837296,0.0,388.039,8333,-6.10999602064493,-3.95999598860743,-7.55999604225161,1136.00001692772,96571.25,92.6237388887904,0.100000001490116,4.8350357668422,7.82432117339889,12.5000001862645
247,2022-12-21,RB11,15.8976,14.8976,1.0,355,0.611050436497611,0.163885588676811,1.14045499203753,14.6448,5.21218581737797,13.33956,0.339336252211993,0.441617601639001,0.172174396001111,0.186138005779931,0.258158531837296,0.0,388.039,8334,-7.41416270674519,-2.05999596029523,-10.1599960809946,1762.40002626181,96922.5,93.1841541843568,0.0,1.62419782925177,4.60434584189863,1.40000002086163
259,2022-12-22,RB11,19.8976,15.8976,4.0,356,0.611050436497611,0.163885588676811,1.14045499203753,14.6448,5.21218581737797,13.33956,0.339336252211993,0.441617601639001,0.172174396001111,0.186138005779931,0.258158531837296,0.0,388.039,8335,-6.35582935764146,-3.7599959856272,-8.75999606013301,1660.60002474487,97031.6666666667,97.6740826705208,0.0,1.87995527532939,4.57930132497903,0.900000013411045
272,2022-12-23,RB11,25.8976,19.8976,6.0,357,0.611050436497611,0.163885588676811,1.14045499203753,14.6448,5.21218581737797,13.33956,0.339336252211993,0.441617601639001,0.172174396001111,0.186138005779931,0.258158531837296,0.0,388.039,8336,0.0316707375397035,4.54000413805244,-5.15999600648883,805.400012001395,94069.1666666667,99.8944449485224,76.3000011369586,8.65621100706691,13.5801327495774,0.100000001490116
285,2022-12-24,RB11,22.8976,25.8976,-3.0,358,0.611050436497611,0.163885588676811,1.14045499203753,14.6448,5.21218581737797,13.33956,0.339336252211993,0.441617601639001,0.172174396001111,0.186138005779931,0.258158531837296,0.0,388.039,8337,-15.4849961603433,-7.05999603480103,-18.1599962002039,1043.40001554787,93227.0833333333,82.7181151579228,11.8000001758337,9.25054083265391,12.9243957297113,76.3000011369586
298,2022-12-25,RB11,22.8976,22.8976,0.0,359,0.611050436497611,0.163885588676811,1.14045499203753,14.6448,5.21218581737797,13.33956,0.339336252211993,0.441617601639001,0.172174396001111,0.186138005779931,0.258158531837296,0.0,388.039,8338,-13.5974961322174,-8.85999606162312,-17.0599961838126,690.100010283291,94159.5833333333,81.8842344792821,0.0,7.56805809180405,10.822661571478,88.1000013127923
311,2022-12-26,RB11,22.8976,22.8976,0.0,360,0.611050436497611,0.163885588676811,1.14045499203753,14.6448,5.21218581737797,13.33956,0.339336252211993,0.441617601639001,0.172174396001111,0.186138005779931,0.258158531837296,0.0,388.039,8339,-8.99332939694328,-6.95999603331092,-10.5599960869551,1180.20001758635,95327.0833333333,86.6380130571341,1.40000002086163,6.81115574692712,8.98109138155577,88.1000013127923
323,2022-12-27,RB11,22.6476,22.8976,-0.25,361,0.611050436497611,0.163885588676811,1.14045499203753,14.6448,5.21218581737797,13.33956,0.339336252211993,0.441617601639001,0.172174396001111,0.186138005779931,0.258158531837296,0.0,388.039,8340,-8.36832938763005,-6.55999602735045,-9.55999607205393,788.200011745095,95935.0,86.9024650942598,1.90000002831221,5.67669530993329,7.92464522054999,13.2000001966953
335,2022-12-28,RB11,19.8976,22.6476,-2.75,362,0.611050436497611,0.163885588676811,1.14045499203753,14.6448,5.21218581737797,13.33956,0.339336252211993,0.441617601639001,0.172174396001111,0.186138005779931,0.258158531837296,0.0,388.039,8341,-6.67666269575559,-3.35999597966673,-8.55999605715277,683.700010187924,96181.6666666667,91.2857954415771,0.700000010430813,3.30911871707955,5.33666570517305,3.30000004917383
347,2022-12-29,RB11,19.8976,19.8976,0.0,363,0.611050436497611,0.163885588676811,1.14045499203753,14.6448,5.21218581737797,13.33956,0.339336252211993,0.441617601639001,0.172174396001111,0.186138005779931,0.258158531837296,0.0,388.039,8342,-2.00166262609266,2.54000410825012,-4.25999599307778,1754.00002613664,96246.6666666667,92.462450336001,0.0,4.0122855248562,6.15223545778426,4.00000005960464
359,2022-12-30,RB11,10.8976,19.8976,-9.0,364,0.611050436497611,0.163885588676811,1.14045499203753,14.6448,5.21218581737797,13.33956,0.339336252211993,0.441617601639001,0.172174396001111,0.186138005779931,0.258158531837296,0.0,388.039,8343,4.86083747616656,8.74000420063732,2.44000410676,1520.7000226602,96241.6666666667,92.2872692350703,0.0,5.02220543943778,6.80073535570657,2.60000003874302
371,2022-12-31,RB11,4.8976,10.8976,-6.0,365,0.611050436497611,0.163885588676811,1.14045499203753,14.6448,5.21218581737797,13.33956,0.339336252211993,0.441617601639001,0.172174396001111,0.186138005779931,0.258158531837296,0.0,388.039,8344,6.89417083979892,8.14000419169662,5.64000415444372,1312.30001955479,95687.0833333333,89.6262260546943,0.900000013411045,3.34229786904323,6.16116881210831,0.700000010430813
383,2023-01-01,RB11,2.8976,4.8976,-2.0,1,0.611050436497611,0.163885588676811,1.14045499203753,14.6448,5.21218581737797,13.33956,0.339336252211993,0.441617601639001,0.172174396001111,0.186138005779931,0.258158531837296,0.0,388.039,8345,3.9066707952817,8.0400041902065,-0.959995943903948,1343.90002002567,94907.5,98.1196101126254,16.2000002413988,6.24054208140697,11.3216608242811,0.900000013411045
395,2023-01-02,RB11,4.8976,2.8976,2.0,2,0.611050436497611,0.163885588676811,1.14045499203753,14.6448,5.21218581737797,13.33956,0.339336252211993,0.441617601639001,0.172174396001111,0.186138005779931,0.258158531837296,0.0,388.039,8346,-1.12666261305414,0.740004081428026,-2.85999597221615,1391.60002073646,95714.5833333333,96.8139594497773,0.0,4.41626152348771,5.66480369971957,17.1000002548099
407,2023-01-03,RB11,3.8976,4.8976,-1.0,3,0.611050436497611,0.163885588676811,1.14045499203753,14.6448,5.21218581737797,13.33956,0.339336252211993,0.441617601639001,0.172174396001111,0.186138005779931,0.258158531837296,0.0,388.039,8347,-1.39332928369445,1.8400040978193,-4.75999600052836,1321.80001969635,95856.6666666667,96.4402963216321,0.0,1.34295091262409,3.11448234688889,17.1000002548099
419,2023-01-04,RB11,1.8976,3.8976,-2.0,4,0.611050436497611,0.163885588676811,1.14045499203753,14.6448,5.21218581737797,13.33956,0.339336252211993,0.441617601639001,0.172174396001111,0.186138005779931,0.258158531837296,0.0,388.039,8348,1.98583743332572,3.74000412613151,0.940004084408258,1005.20001497865,95291.25,97.0203850883487,0.600000008940697,0.747650726319467,2.66833285258652,16.2000002413988
464,2023-01-08,RB11,0.897600000000001,-0.1024,1.0,8,0.611050436497611,0.163885588676811,1.14045499203753,14.6448,5.21218581737797,13.33956,0.339336252211993,0.441617601639001,0.172174396001111,0.186138005779931,0.258158531837296,0.0,388.039,8352,-10.0266627456745,-4.65999599903824,-13.959996137619,2395.00003568828,96355.4166666667,87.8774627991292,1.00000001490116,2.82854854688775,6.94622209823168,21.4000003188848
476,2023-01-09,RB11,4.8976,0.897600000000001,4.0,9,0.611050436497611,0.163885588676811,1.14045499203753,14.6448,5.21218581737797,13.33956,0.339336252211993,0.441617601639001,0.172174396001111,0.186138005779931,0.258158531837296,0.0,388.039,8353,-6.02666268606983,-3.35999597966673,-7.75999604523184,2305.40003435314,95428.3333333333,91.2698711310299,0.100000001490116,4.85264318537859,6.6940272882206,3.80000005662441
488,2023-01-10,RB11,2.8976,4.8976,-2.0,10,0.611050436497611,0.163885588676811,1.14045499203753,14.6448,5.21218581737797,13.33956,0.339336252211993,0.441617601639001,0.172174396001111,0.186138005779931,0.258158531837296,0.0,388.039,8354,-7.19332937012119,-2.25999596327546,-12.8599961212278,2085.90003108233,95360.0,86.7194016160364,6.00000008940697,5.31968387988383,9.12633565469929,3.1000000461936
499,2023-01-11,RB11,2.8976,2.8976,0.0,11,0.611050436497611,0.163885588676811,1.14045499203753,14.6448,5.21218581737797,13.33956,0.339336252211993,0.441617601639001,0.172174396001111,0.186138005779931,0.258158531837296,0.0,388.039,8355,-11.4433294334511,-4.05999599009755,-14.8599961510301,2111.90003146976,96297.9166666667,85.3490743218114,0.0,0.452936386578169,1.92093729985405,7.10000010579824
511,2023-01-12,RB11,13.8976,2.8976,11.0,12,0.611050436497611,0.163885588676811,1.14045499203753,14.6448,5.21218581737797,13.33956,0.339336252211993,0.441617601639001,0.172174396001111,0.186138005779931,0.258158531837296,0.0,388.039,8356,-5.53916267880552,-2.15999596178534,-8.25999605268242,606.100009031594,96205.4166666667,94.1164001131746,2.5000000372529,3.03249612270855,7.4330344844201,6.10000009089708
524,2023-01-13,RB11,11.8976,13.8976,-2.0,13,0.611050436497611,0.163885588676811,1.14045499203753,14.6448,5.21218581737797,13.33956,0.339336252211993,0.441617601639001,0.172174396001111,0.186138005779931,0.258158531837296,0.0,388.039,8357,-1.05999594539406,1.64000409483907,-6.45999602586033,933.300013907254,94622.5,96.9842387779342,23.7000003531575,3.75799896359133,8.76812421736842,8.50000012665987
537,2023-01-14,RB11,11.8976,11.8976,0.0,14,0.611050436497611,0.163885588676811,1.14045499203753,14.6448,5.21218581737797,13.33956,0.339336252211993,0.441617601639001,0.172174396001111,0.186138005779931,0.258158531837296,0.0,388.039,8358,-7.99749604877087,-5.75999601542952,-10.0599960795045,870.400012969971,95292.9166666667,89.7692583744875,0.0,3.83886748775992,5.88727449954123,26.2000003904104
550,2023-01-15,RB11,9.8976,11.8976,-2.0,15,0.611050436497611,0.163885588676811,1.14045499203753,14.6448,5.21218581737797,13.33956,0.339336252211993,0.441617601639001,0.172174396001111,0.186138005779931,0.258158531837296,0.0,388.039,8359,-7.90999604746702,-1.55999595284464,-11.6599961033464,2607.10003884882,96109.1666666667,77.61144295755,0.0,3.42173881527073,5.3907328691056,26.2000003904104
563,2023-01-16,RB11,9.8976,9.8976,0.0,16,0.611050436497611,0.163885588676811,1.14045499203753,14.6448,5.21218581737797,13.33956,0.339336252211993,0.441617601639001,0.172174396001111,0.186138005779931,0.258158531837296,0.0,388.039,8360,-7.32666270544134,-3.45999598115685,-9.85999607652428,1517.70002261549,95734.5833333333,68.5591139549169,0.0,2.54158296084532,5.71401793601016,23.7000003531575
576,2023-01-17,RB11,10.8976,9.8976,1.0,17,0.611050436497611,0.163885588676811,1.14045499203753,14.6448,5.21218581737797,13.33956,0.339336252211993,0.441617601639001,0.172174396001111,0.186138005779931,0.258158531837296,0.0,388.039,8361,-3.48082931480063,1.04000408589837,-7.25999603778126,2416.40003600717,94676.25,69.5981273030101,0.0,1.77873136090265,5.99082640957033,0.0
588,2023-01-18,RB11,9.8976,10.8976,-1.0,18,0.611050436497611,0.163885588676811,1.14045499203753,14.6448,5.21218581737797,13.33956,0.339336252211993,0.441617601639001,0.172174396001111,0.186138005779931,0.258158531837296,0.0,388.039,8362,-0.268329266930645,0.840004082918142,-1.55999595284464,807.000012025237,94509.1666666667,94.9694938029464,0.400000005960464,4.1468375378913,7.39256394146827,0.0
601,2023-01-19,RB11,9.80150679611651,9.8976,-0.0960932038834947,19,0.611050436497611,0.163885588676811,1.14045499203753,14.6448,5.21218581737797,13.33956,0.339336252211993,0.441617601639001,0.172174396001111,0.186138005779931,0.258158531837296,0.0,388.039,8363,-3.13916264304273,-1.2599959483743,-4.95999600350859,2423.80003611743,95522.9166666667,91.2156806141675,0.0,3.17315954947444,7.30000010877848,0.400000005960464
1976,2023-10-06,RB11,0.5429,-0.4571,1.0,279,0.611050436497611,0.163885588676811,1.14045499203753,14.6448,5.21218581737797,13.33956,0.339336252211993,0.441617601639001,0.172174396001111,0.186138005779931,0.258158531837296,0.0,388.039,8623,15.5108376348639,19.1400043556094,11.940004248321,3590.50005350262,96094.1666666667,77.0339353116624,0.0,2.20321247348628,6.03075460319109,0.0
2007,2023-10-09,RB11,0.5429,-0.4571,1.0,282,0.611050436497611,0.163885588676811,1.14045499203753,14.6448,5.21218581737797,13.33956,0.339336252211993,0.441617601639001,0.172174396001111,0.186138005779931,0.258158531837296,0.0,388.039,8626,7.5608375163997,11.1400042364001,4.9400041440129,3404.30005072802,94600.8333333333,76.3817361865975,0.0,2.80347914419686,5.83095198173325,59.0000008791685
2081,2023-10-17,RB11,0.0429,-0.4571,0.5,290,0.611050436497611,0.163885588676811,1.14045499203753,14.6448,5.21218581737797,13.33956,0.339336252211993,0.441617601639001,0.172174396001111,0.186138005779931,0.258158531837296,0.0,388.039,8634,7.24000417828557,9.04000420510766,5.74000415593383,1950.80002906919,95367.0833333333,94.4154381920741,1.10000001639128,0.840655129981207,2.61725050466055,8.40000012516975
2093,2023-10-18,RB11,0.5429,0.0429,0.5,291,0.611050436497611,0.163885588676811,1.14045499203753,14.6448,5.21218581737797,13.33956,0.339336252211993,0.441617601639001,0.172174396001111,0.186138005779931,0.258158531837296,0.0,388.039,8635,8.03167085674899,11.1400042364001,5.94000415891406,1851.70002759248,96124.1666666667,88.0185304198273,0.200000002980232,1.30341852597668,2.4515301709569,9.50000014156103
2105,2023-10-19,RB11,0.5429,0.5429,0.0,292,0.611050436497611,0.163885588676811,1.14045499203753,14.6448,5.21218581737797,13.33956,0.339336252211993,0.441617601639001,0.172174396001111,0.186138005779931,0.258158531837296,0.0,388.039,8636,8.26500419355926,11.8400042468309,4.9400041440129,2291.80003415048,96027.5,82.0711343622253,0.0,1.16448979566936,4.99799967431592,7.80000011622906
2182,2023-10-27,RB11,0.5429,-0.4571,1.0,300,0.611050436497611,0.163885588676811,1.14045499203753,14.6448,5.21218581737797,13.33956,0.339336252211993,0.441617601639001,0.172174396001111,0.186138005779931,0.258158531837296,0.0,388.039,8644,14.3858376181001,17.6400043332577,12.1400042513013,1646.70002453774,96042.0833333333,88.6804961533419,0.500000007450581,3.10233207852159,7.02282005107995,2.30000003427267
2193,2023-10-28,RB11,0.5429,0.5429,0.0,301,0.611050436497611,0.163885588676811,1.14045499203753,14.6448,5.21218581737797,13.33956,0.339336252211993,0.441617601639001,0.172174396001111,0.186138005779931,0.258158531837296,0.0,388.039,8645,14.4858376195902,16.1400043109059,7.74000418573615,2120.50003159791,95619.1666666667,89.259508517784,2.30000003427267,7.01067747886718,11.9540789799445,0.900000013411045
2207,2023-10-29,RB11,0.251233333333334,0.5429,-0.291666666666667,302,0.611050436497611,0.163885588676811,1.14045499203753,14.6448,5.21218581737797,13.33956,0.339336252211993,0.441617601639001,0.172174396001111,0.186138005779931,0.258158531837296,0.0,388.039,8646,2.59417077572393,7.44000418126581,0.140004072487329,1021.9000152275,96314.1666666667,85.6026033060397,0.0,3.21705088008025,11.4769335593425,2.80000004172325
2218,2023-10-30,RB11,0.1262333335,0.251233333333334,-0.124999999833334,303,0.611050436497611,0.163885588676811,1.14045499203753,14.6448,5.21218581737797,13.33956,0.339336252211993,0.441617601639001,0.172174396001111,0.186138005779931,0.258158531837296,0.0,388.039,8647,1.83167076436179,3.74000412613151,-0.159995931983019,751.100011192262,95415.0,96.8109781615557,23.4000003486872,2.25152227401132,7.64852938436114,2.80000004172325
2230,2023-10-31,RB11,0.709566666666667,0.1262333335,0.583333333166667,304,0.611050436497611,0.163885588676811,1.14045499203753,14.6448,5.21218581737797,13.33956,0.339336252211993,0.441617601639001,0.172174396001111,0.186138005779931,0.258158531837296,0.0,388.039,8648,-1.3891626169657,0.340004075467562,-3.35999597966673,3079.00004588068,95770.0,87.1445227452116,0.400000005960464,4.01244738719541,8.2328611077803,25.7000003829598
2244,2023-11-01,RB11,0.5429,0.709566666666667,-0.166666666666667,305,0.611050436497611,0.163885588676811,1.14045499203753,14.6448,5.21218581737797,13.33956,0.339336252211993,0.441617601639001,0.172174396001111,0.186138005779931,0.258158531837296,0.0,388.039,8649,-3.67249598432335,0.840004082918142,-5.85999601691964,1255.20001870394,95832.9166666667,90.9808196767296,1.00000001490116,1.06018266743037,6.03075460319109,23.8000003546476
2258,2023-11-02,RB11,1.5429,0.5429,1.0,306,0.611050436497611,0.163885588676811,1.14045499203753,14.6448,5.21218581737797,13.33956,0.339336252211993,0.441617601639001,0.172174396001111,0.186138005779931,0.258158531837296,0.0,388.039,8650,-2.90582930623246,2.34000410526988,-6.15999602138999,2094.70003121346,96650.4166666667,85.1788272889583,0.0,2.48391988347538,4.80104162520422,24.8000003695488
2270,2023-11-03,RB11,1.5429,1.5429,0.0,307,0.611050436497611,0.163885588676811,1.14045499203753,14.6448,5.21218581737797,13.33956,0.339336252211993,0.441617601639001,0.172174396001111,0.186138005779931,0.258158531837296,0.0,388.039,8651,2.0983374350021,7.44000418126581,-1.15999594688418,2471.60003682971,96700.0,69.7198680661995,0.0,3.60618386263875,5.96824941348456,1.40000002086163
2284,2023-11-04,RB11,1.9929,1.5429,0.45,308,0.611050436497611,0.163885588676811,1.14045499203753,14.6448,5.21218581737797,13.33956,0.339336252211993,0.441617601639001,0.172174396001111,0.186138005779931,0.258158531837296,0.0,388.039,8652,5.20250414792446,6.74000417083499,4.14000413209197,1686.90002513677,96173.3333333333,73.841478355831,0.300000004470348,4.31695544893689,9.43663089528762,1.00000001490116
2299,2023-11-05,RB11,2.5429,1.9929,0.55,309,0.611050436497611,0.163885588676811,1.14045499203753,14.6448,5.21218581737797,13.33956,0.339336252211993,0.441617601639001,0.172174396001111,0.186138005779931,0.258158531837296,0.0,388.039,8653,4.13167079863446,6.1400041618943,0.340004075467562,1930.30002876371,95894.5833333333,88.8304749631044,0.0,1.22842357478461,3.46698721633408,0.300000004470348
2315,2023-11-06,RB11,0.5429,2.5429,-2.0,310,0.611050436497611,0.163885588676811,1.14045499203753,14.6448,5.21218581737797,13.33956,0.339336252211993,0.441617601639001,0.172174396001111,0.186138005779931,0.258158531837296,0.0,388.039,8654,0.398337409670129,5.74000415593383,-3.25999597817662,2315.30003450066,96111.25,80.1403916681458,0.0,0.598827386728913,3.66878732023802,0.300000004470348
2330,2023-11-07,RB11,0.5429,0.5429,0.0,311,0.611050436497611,0.163885588676811,1.14045499203753,14.6448,5.21218581737797,13.33956,0.339336252211993,0.441617601639001,0.172174396001111,0.186138005779931,0.258158531837296,0.0,388.039,8655,4.61083747244127,8.94000420361755,1.24000408887861,1334.10001987964,94834.5833333333,93.1485155563085,10.6000001579523,3.40036852505885,9.63327580658083,0.300000004470348
2343,2023-11-08,RB11,1.0429,0.5429,0.5,312,0.611050436497611,0.163885588676811,1.14045499203753,14.6448,5.21218581737797,13.33956,0.339336252211993,0.441617601639001,0.172174396001111,0.186138005779931,0.258158531837296,0.0,388.039,8656,-3.38082931331051,1.74000409632919,-5.65999601393941,2618.90003902465,95601.6666666667,87.4368303899347,0.0,7.38668297100064,8.64002327686352,10.6000001579523
2357,2023-11-09,RB11,0.5429,1.0429,-0.5,313,0.611050436497611,0.163885588676811,1.14045499203753,14.6448,5.21218581737797,13.33956,0.339336252211993,0.441617601639001,0.172174396001111,0.186138005779931,0.258158531837296,0.0,388.039,8657,-3.28082931182039,1.8400040978193,-5.75999601542952,1062.00001582503,95485.0,92.0082954884102,5.40000008046627,1.55477074145927,4.58911763061669,10.6000001579523
2390,2023-11-12,RB11,0.5429,-0.4571,1.0,316,0.611050436497611,0.163885588676811,1.14045499203753,14.6448,5.21218581737797,13.33956,0.339336252211993,0.441617601639001,0.172174396001111,0.186138005779931,0.258158531837296,0.0,388.039,8660,-4.69332933286828,-2.75999597072604,-6.2599960228801,2156.0000321269,97186.6666666667,89.4975005268524,0.0,1.1211933019989,4.12310568705672,11.7000001743436
2406,2023-11-13,RB11,0.5429,0.5429,0.0,317,0.611050436497611,0.163885588676811,1.14045499203753,14.6448,5.21218581737797,13.33956,0.339336252211993,0.441617601639001,0.172174396001111,0.186138005779931,0.258158531837296,0.0,388.039,8661,-6.57666269426547,-1.75999595582488,-9.9599960780144,1841.70002744347,96710.8333333333,93.3173343464832,0.300000004470348,0.334198582112789,1.48660689688402,6.30000009387732
2444,2023-11-16,RB11,0.5429,-0.4571,1.0,320,0.611050436497611,0.163885588676811,1.14045499203753,14.6448,5.21218581737797,13.33956,0.339336252211993,0.441617601639001,0.172174396001111,0.186138005779931,0.258158531837296,0.0,388.039,8664,2.88167078000801,7.54000418275592,0.340004075467562,2566.50003824383,96231.25,82.8416809319531,0.0,3.38724140176502,6.80073535570657,1.20000001788139
2457,2023-11-17,RB11,0.5429,0.5429,0.0,321,0.611050436497611,0.163885588676811,1.14045499203753,14.6448,5.21218581737797,13.33956,0.339336252211993,0.441617601639001,0.172174396001111,0.186138005779931,0.258158531837296,0.0,388.039,8665,6.49417083383846,12.9400042632222,1.94000409930942,2274.50003389269,95610.4166666667,71.2257604937591,0.600000008940697,1.89981976853479,5.96405910937078,0.900000013411045
2469,2023-11-18,RB11,0.5429,0.5429,0.0,322,0.611050436497611,0.163885588676811,1.14045499203753,14.6448,5.21218581737797,13.33956,0.339336252211993,0.441617601639001,0.172174396001111,0.186138005779931,0.258158531837296,0.0,388.039,8666,1.18583742140479,9.94000421851871,-4.15999599158766,2188.70003261417,95056.25,95.176317853528,13.4000001996756,4.75256771743944,9.40212755893714,0.600000008940697
2481,2023-11-19,RB11,0.5429,0.5429,0.0,323,0.611050436497611,0.163885588676811,1.14045499203753,14.6448,5.21218581737797,13.33956,0.339336252211993,0.441617601639001,0.172174396001111,0.186138005779931,0.258158531837296,0.0,388.039,8667,-1.86416262404375,0.940004084408258,-4.65999599903824,1572.20002342761,94947.5,87.5871675426931,0.500000007450581,4.36805483146999,7.63216887496505,14.0000002086163
2498,2023-11-20,RB11,0.5429,0.5429,0.0,324,0.611050436497611,0.163885588676811,1.14045499203753,14.6448,5.21218581737797,13.33956,0.339336252211993,0.441617601639001,0.172174396001111,0.186138005779931,0.258158531837296,0.0,388.039,8668,-5.8724960171059,-2.05999596029523,-8.95999606311324,1709.60002547503,96435.8333333333,83.7448470769961,0.800000011920929,3.38407925413214,6.78822520054329,14.5000002160668
2515,2023-11-21,RB11,8.5429,0.5429,8.0,325,0.611050436497611,0.163885588676811,1.14045499203753,14.6448,5.21218581737797,13.33956,0.339336252211993,0.441617601639001,0.172174396001111,0.186138005779931,0.258158531837296,0.0,388.039,8669,-7.59749604281041,-3.1599959766865,-10.6599960884452,2428.90003619343,97207.0833333333,74.9930906011386,0.0,1.02550505400844,6.80073535570657,14.7000002190471
2531,2023-11-22,RB11,6.5429,8.5429,-2.0,326,0.611050436497611,0.163885588676811,1.14045499203753,14.6448,5.21218581737797,13.33956,0.339336252211993,0.441617601639001,0.172174396001111,0.186138005779931,0.258158531837296,0.0,388.039,8670,-1.11832927959663,1.64000409483907,-3.95999598860743,751.500011198223,95565.0,95.3289374523131,14.9000002220273,2.13936761802207,5.37587210239298,1.30000001937151
2545,2023-11-23,RB11,4.12623333333333,6.5429,-2.41666666666667,327,0.611050436497611,0.163885588676811,1.14045499203753,14.6448,5.21218581737797,13.33956,0.339336252211993,0.441617601639001,0.172174396001111,0.186138005779931,0.258158531837296,0.0,388.039,8671,-0.501662603740916,0.740004081428026,-2.25999596327546,2247.30003348738,94858.3333333333,98.1581972628707,0.200000002980232,4.82130461727061,7.74209285570454,15.7000002339482
2560,2023-11-24,RB11,3.5429,4.12623333333333,-0.583333333333333,328,0.611050436497611,0.163885588676811,1.14045499203753,14.6448,5.21218581737797,13.33956,0.339336252211993,0.441617601639001,0.172174396001111,0.186138005779931,0.258158531837296,0.0,388.039,8672,-3.95999598860743,1.74000409632919,-9.55999607205393,1637.10002439469,95648.3333333333,88.7472507564896,0.700000010430813,6.84576922233946,8.88369305818246,15.1000002250075
2576,2023-11-25,RB11,4.25123333333333,3.5429,0.708333333333333,329,0.611050436497611,0.163885588676811,1.14045499203753,14.6448,5.21218581737797,13.33956,0.339336252211993,0.441617601639001,0.172174396001111,0.186138005779931,0.258158531837296,0.0,388.039,8673,-8.60999605789783,-3.65999598413708,-12.3599961137772,2316.40003451705,96458.75,81.9465225773382,0.0,4.29418028062342,7.78010294301654,15.8000002354383
2592,2023-11-26,RB11,11.5429,4.25123333333333,7.29166666666667,330,0.611050436497611,0.163885588676811,1.14045499203753,14.6448,5.21218581737797,13.33956,0.339336252211993,0.441617601639001,0.172174396001111,0.186138005779931,0.258158531837296,0.0,388.039,8674,-3.40582931368304,1.64000409483907,-6.2599960228801,2000.50002980977,96255.8333333333,85.2923654024291,0.0,1.04559411720536,3.4234486047381,0.900000013411045
2608,2023-11-27,RB11,10.5429,11.5429,-1.0,331,0.611050436497611,0.163885588676811,1.14045499203753,14.6448,5.21218581737797,13.33956,0.339336252211993,0.441617601639001,0.172174396001111,0.186138005779931,0.258158531837296,0.0,388.039,8675,-0.464162603182122,1.04000408589837,-2.15999596178534,842.200012549758,94679.5833333333,95.6226190242244,21.1000003144145,3.32080888625444,6.64906018303043,0.700000010430813
2622,2023-11-28,RB11,20.5429,10.5429,10.0,332,0.611050436497611,0.163885588676811,1.14045499203753,14.6448,5.21218581737797,13.33956,0.339336252211993,0.441617601639001,0.172174396001111,0.186138005779931,0.258158531837296,0.0,388.039,8676,-5.16416267321758,-2.65999596923592,-7.05999603480103,1014.8000151217,94480.4166666667,89.8426025531838,2.20000003278255,4.43117751312213,7.256032081592,21.1000003144145
2639,2023-11-29,RB11,15.5429,20.5429,-5.0,333,0.611050436497611,0.163885588676811,1.14045499203753,14.6448,5.21218581737797,13.33956,0.339336252211993,0.441617601639001,0.172174396001111,0.186138005779931,0.258158531837296,0.0,388.039,8677,-8.07249604988846,-4.25999599307778,-10.2599960824847,1473.90002196282,95189.5833333333,86.0428407853447,3.90000005811453,4.77577913472221,9.79438629312408,23.3000003471971
2655,2023-11-30,RB11,12.5429,15.5429,-3.0,334,0.611050436497611,0.163885588676811,1.14045499203753,14.6448,5.21218581737797,13.33956,0.339336252211993,0.441617601639001,0.172174396001111,0.186138005779931,0.258158531837296,0.0,388.039,8678,-4.37666266148292,2.04000410079954,-7.4599960407615,1690.90002519637,95426.6666666667,91.3409071063624,0.0,3.11603019501362,4.49110238149976,27.2000004053116
2671,2023-12-01,RB11,8.5429,12.5429,-4.0,335,0.611050436497611,0.163885588676811,1.14045499203753,14.6448,5.21218581737797,13.33956,0.339336252211993,0.441617601639001,0.172174396001111,0.186138005779931,0.258158531837296,0.0,388.039,8679,0.719170747784252,3.84000412762163,-2.35999596476557,1044.60001556575,95669.5833333333,96.9254256948001,3.50000005215406,3.35286448603099,6.31506145564052,6.10000009089708
2686,2023-12-02,RB11,7.0429,8.5429,-1.5,336,0.611050436497611,0.163885588676811,1.14045499203753,14.6448,5.21218581737797,13.33956,0.339336252211993,0.441617601639001,0.172174396001111,0.186138005779931,0.258158531837296,0.0,388.039,8680,1.30667075653868,2.44000410676,0.64000407993791,548.000008165836,95673.75,100.0,6.30000009387732,0.707463981136641,2.95465738456666,7.40000011026859
2699,2023-12-03,RB11,11.5429,7.0429,4.5,337,0.611050436497611,0.163885588676811,1.14045499203753,14.6448,5.21218581737797,13.33956,0.339336252211993,0.441617601639001,0.172174396001111,0.186138005779931,0.258158531837296,0.0,388.039,8681,-0.00582926301909,1.04000408589837,-1.05999594539406,843.400012567639,95645.0,100.0,6.30000009387732,0.617467241384749,2.9832868224897,9.80000014603138
2716,2023-12-04,RB11,13.5429,11.5429,2.0,338,0.611050436497611,0.163885588676811,1.14045499203753,14.6448,5.21218581737797,13.33956,0.339336252211993,0.441617601639001,0.172174396001111,0.186138005779931,0.258158531837296,0.0,388.039,8682,-0.839162608770058,1.54000409334895,-3.65999598413708,1087.70001620799,94607.5,97.8841441718451,27.1000004038215,1.88454376350399,6.11310077732347,16.1000002399087
2733,2023-12-05,RB11,12.5429,13.5429,-1.0,339,0.611050436497611,0.163885588676811,1.14045499203753,14.6448,5.21218581737797,13.33956,0.339336252211993,0.441617601639001,0.172174396001111,0.186138005779931,0.258158531837296,0.0,388.039,8683,-6.66832936229808,-4.3599959945679,-9.15999606609347,1435.10002138466,95446.6666666667,91.280587014028,1.20000001788139,2.28305180541035,5.71401793601016,39.7000005915761
2749,2023-12-06,RB11,12.5429,12.5429,0.0,340,0.611050436497611,0.163885588676811,1.14045499203753,14.6448,5.21218581737797,13.33956,0.339336252211993,0.441617601639001,0.172174396001111,0.186138005779931,0.258158531837296,0.0,388.039,8684,-8.2433293857674,-5.95999601840975,-13.2599961271882,2082.90003103763,95678.3333333333,87.9641676802597,0.0,1.88461581911087,5.37587210239298,34.6000005155802
2766,2023-12-07,RB11,13.5429,12.5429,1.0,341,0.611050436497611,0.163885588676811,1.14045499203753,14.6448,5.21218581737797,13.33956,0.339336252211993,0.441617601639001,0.172174396001111,0.186138005779931,0.258158531837296,0.0,388.039,8685,-12.0474961091206,-7.15999603629115,-15.7599961644411,1105.10001646727,95505.0,87.6354482346118,0.0,1.43606315279706,4.31393098630718,28.3000004217029
2782,2023-12-08,RB11,13.5429,13.5429,0.0,342,0.611050436497611,0.163885588676811,1.14045499203753,14.6448,5.21218581737797,13.33956,0.339336252211993,0.441617601639001,0.172174396001111,0.186138005779931,0.258158531837296,0.0,388.039,8686,-4.7933293343584,0.540004078447794,-7.85999604672196,1698.40002530813,95910.0,94.0080142637848,0.0,0.818123364915117,2.06155284352836,1.20000001788139
2799,2023-12-09,RB11,12.5429,13.5429,-1.0,343,0.611050436497611,0.163885588676811,1.14045499203753,14.6448,5.21218581737797,13.33956,0.339336252211993,0.441617601639001,0.172174396001111,0.186138005779931,0.258158531837296,0.0,388.039,8687,-1.18916261398546,1.54000409334895,-3.7599959856272,1514.50002256781,96249.5833333333,99.1645851832413,0.0,1.49393089122668,4.52548346702886,0.0
2816,2023-12-10,RB11,12.5429,12.5429,0.0,344,0.611050436497611,0.163885588676811,1.14045499203753,14.6448,5.21218581737797,13.33956,0.339336252211993,0.441617601639001,0.172174396001111,0.186138005779931,0.258158531837296,0.0,388.039,8688,3.92750412892548,5.94000415891406,1.64000409483907,934.200013920665,95515.4166666667,93.9708309040557,12.0000001788139,1.4184539136021,3.95600814791961,0.0
2833,2023-12-11,RB11,18.8762333333333,12.5429,6.33333333333333,345,0.611050436497611,0.163885588676811,1.14045499203753,14.6448,5.21218581737797,13.33956,0.339336252211993,0.441617601639001,0.172174396001111,0.186138005779931,0.258158531837296,0.0,388.039,8689,-0.64332927251858,2.24000410377977,-2.25999596327546,670.800009995699,94727.9166666667,96.5979391694756,31.8000004738569,3.81581107036882,8.57554675759294,12.0000001788139
2849,2023-12-12,RB11,18.5429,18.8762333333333,-0.333333333333332,346,0.611050436497611,0.163885588676811,1.14045499203753,14.6448,5.21218581737797,13.33956,0.339336252211993,0.441617601639001,0.172174396001111,0.186138005779931,0.258158531837296,0.0,388.039,8690,-4.91416266949229,-1.75999595582488,-8.35999605417254,1878.10002798587,95984.5833333333,93.5535182863412,3.20000004768372,5.13572878805466,9.41541303618571,43.8000006526709
2866,2023-12-13,RB11,22.5429,18.5429,4.0,347,0.611050436497611,0.163885588676811,1.14045499203753,14.6448,5.21218581737797,13.33956,0.339336252211993,0.441617601639001,0.172174396001111,0.186138005779931,0.258158531837296,0.0,388.039,8691,-4.00166265589498,-2.15999596178534,-6.8599960318208,1324.60001973808,96495.8333333333,92.3284170851351,2.80000004172325,5.38753848337292,8.62844147101798,47.0000007003546
2883,2023-12-14,RB11,21.5429,22.5429,-1.0,348,0.611050436497611,0.163885588676811,1.14045499203753,14.6448,5.21218581737797,13.33956,0.339336252211993,0.441617601639001,0.172174396001111,0.186138005779931,0.258158531837296,0.0,388.039,8692,-8.96832939657075,-5.45999601095917,-11.8599961063266,1801.00002683699,97116.6666666667,89.035162036132,0.700000010430813,4.70087872767781,8.88650675763482,37.8000005632639
2901,2023-12-15,RB11,16.5429,21.5429,-5.0,349,0.611050436497611,0.163885588676811,1.14045499203753,14.6448,5.21218581737797,13.33956,0.339336252211993,0.441617601639001,0.172174396001111,0.186138005779931,0.258158531837296,0.0,388.039,8693,-1.38499595023694,2.74000411123035,-5.75999601542952,1866.60002781451,96327.0833333333,96.7089185389251,0.0,7.4799598677437,10.7837842831592,6.70000009983778
2918,2023-12-16,RB11,16.5429,16.5429,0.0,350,0.611050436497611,0.163885588676811,1.14045499203753,14.6448,5.21218581737797,13.33956,0.339336252211993,0.441617601639001,0.172174396001111,0.186138005779931,0.258158531837296,0.0,388.039,8694,0.76917074852931,2.94000411421058,-2.35999596476557,2102.80003133416,96975.8333333333,88.5662572486404,0.0,3.26718458262775,8.73155211128749,3.50000005215406
2933,2023-12-17,RB11,10.5429,16.5429,-6.0,351,0.611050436497611,0.163885588676811,1.14045499203753,14.6448,5.21218581737797,13.33956,0.339336252211993,0.441617601639001,0.172174396001111,0.186138005779931,0.258158531837296,0.0,388.039,8695,-0.0683292639504127,2.34000410526988,-2.45999596625569,1524.90002272278,96939.5833333333,88.2004912917046,1.50000002235174,1.7775151360011,6.32455541457998,0.700000010430813
2948,2023-12-18,RB11,4.5429,10.5429,-6.0,352,0.611050436497611,0.163885588676811,1.14045499203753,14.6448,5.21218581737797,13.33956,0.339336252211993,0.441617601639001,0.172174396001111,0.186138005779931,0.258158531837296,0.0,388.039,8696,5.98583749293037,10.4400042259693,1.44000409185884,647.200009644032,94005.0,96.9089147992169,61.4000009149313,6.4756332786055,11.9104997471877,1.50000002235174
2961,2023-12-19,RB11,4.5429,4.5429,0.0,353,0.611050436497611,0.163885588676811,1.14045499203753,14.6448,5.21218581737797,13.33956,0.339336252211993,0.441617601639001,0.172174396001111,0.186138005779931,0.258158531837296,0.0,388.039,8697,0.665004080310439,5.94000415891406,-5.85999601691964,735.800010964274,94579.1666666667,90.0886540070206,1.80000002682209,5.67236621462561,11.6691903771505,62.900000937283
2976,2023-12-20,RB11,5.5429,4.5429,1.0,354,0.611050436497611,0.163885588676811,1.14045499203753,14.6448,5.21218581737797,13.33956,0.339336252211993,0.441617601639001,0.172174396001111,0.186138005779931,0.258158531837296,0.0,388.039,8698,-6.46416269258909,-1.75999595582488,-9.45999607056382,1982.80002954602,96619.1666666667,93.5688105685658,0.0,4.6227825261538,6.81542378611322,64.7000009641051
2992,2023-12-21,RB11,5.5429,5.5429,0.0,355,0.611050436497611,0.163885588676811,1.14045499203753,14.6448,5.21218581737797,13.33956,0.339336252211993,0.441617601639001,0.172174396001111,0.186138005779931,0.258158531837296,0.0,388.039,8699,-9.64332940662903,-4.45999599605801,-14.0599961391092,2080.50003100187,97098.75,88.8833756626626,0.0,2.77312769539667,4.74236235121846,63.2000009417534
3006,2023-12-22,RB11,5.5429,5.5429,0.0,356,0.611050436497611,0.163885588676811,1.14045499203753,14.6448,5.21218581737797,13.33956,0.339336252211993,0.441617601639001,0.172174396001111,0.186138005779931,0.258158531837296,0.0,388.039,8700,-10.8183294241379,-5.65999601393941,-14.4599961450696,1997.60002976656,97071.6666666667,81.1214040596243,0.0,0.607497660006148,3.62353424039355,1.80000002682209
3019,2023-12-23,RB11,5.5429,5.5429,0.0,357,0.611050436497611,0.163885588676811,1.14045499203753,14.6448,5.21218581737797,13.33956,0.339336252211993,0.441617601639001,0.172174396001111,0.186138005779931,0.258158531837296,0.0,388.039,8701,-4.95582933677984,0.540004078447794,-8.95999606311324,1367.40002037585,96995.8333333333,64.7383691574089,0.0,0.96592148891206,3.08868908832115,0.0
3033,2023-12-24,RB11,5.5429,5.5429,0.0,358,0.611050436497611,0.163885588676811,1.14045499203753,14.6448,5.21218581737797,13.33956,0.339336252211993,0.441617601639001,0.172174396001111,0.186138005779931,0.258158531837296,0.0,388.039,8702,-0.805829274940019,0.240004073977445,-1.85999595731499,978.600014582276,96927.0833333333,98.2691343912412,1.80000002682209,1.03693733227759,3.42052632626723,0.0
3048,2023-12-25,RB11,5.5429,5.5429,0.0,359,0.611050436497611,0.163885588676811,1.14045499203753,14.6448,5.21218581737797,13.33956,0.339336252211993,0.441617601639001,0.172174396001111,0.186138005779931,0.258158531837296,0.0,388.039,8703,0.406670743127639,2.74000411123035,-0.959995943903948,1912.30002849549,97027.5,100.0,0.0,0.323517024780952,2.00249846928963,1.80000002682209
3062,2023-12-26,RB11,3.5429,5.5429,-2.0,360,0.611050436497611,0.163885588676811,1.14045499203753,14.6448,5.21218581737797,13.33956,0.339336252211993,0.441617601639001,0.172174396001111,0.186138005779931,0.258158531837296,0.0,388.039,8704,2.28167077106732,4.74000414103267,0.440004076957678,1990.00002965331,96660.0,100.0,0.100000001490116,1.5491886885076,4.5044423189435,1.80000002682209
3074,2023-12-27,RB11,2.5429,3.5429,-1.0,361,0.611050436497611,0.163885588676811,1.14045499203753,14.6448,5.21218581737797,13.33956,0.339336252211993,0.441617601639001,0.172174396001111,0.186138005779931,0.258158531837296,0.0,388.039,8705,4.06500413097439,4.74000414103267,3.34000412017105,633.300009436905,96081.6666666667,100.0,10.7000001594424,1.15424455071539,4.27200193631655,1.90000002831221
3085,2023-12-28,RB11,1.5429,2.5429,-1.0,362,0.611050436497611,0.163885588676811,1.14045499203753,14.6448,5.21218581737797,13.33956,0.339336252211993,0.441617601639001,0.172174396001111,0.186138005779931,0.258158531837296,0.0,388.039,8706,4.17333746592201,5.04000414550302,3.34000412017105,734.000010937452,95414.1666666667,100.0,1.20000001788139,0.284031971001049,2.31948273551163,10.8000001609325
3105,2023-12-30,RB11,0.5429,-0.4571,1.0,364,0.611050436497611,0.163885588676811,1.14045499203753,14.6448,5.21218581737797,13.33956,0.339336252211993,0.441617601639001,0.172174396001111,0.186138005779931,0.258158531837296,0.0,388.039,8708,-1.2224959478155,1.8400040978193,-3.85999598711732,744.700011096895,94346.6666666667,97.2389297443676,1.20000001788139,2.85806892522641,5.40370251496396,19.4000002890825
3118,2023-12-31,RB11,3.5429,0.5429,3.0,365,0.611050436497611,0.163885588676811,1.14045499203753,14.6448,5.21218581737797,13.33956,0.339336252211993,0.441617601639001,0.172174396001111,0.186138005779931,0.258158531837296,0.0,388.039,8709,-7.49749604132029,-4.55999599754813,-8.55999605715277,1935.60002884269,95179.5833333333,93.1312825508618,0.0,4.99048584352175,6.57647331698004,9.9000001475215
3133,2024-01-01,RB11,3.5429,3.5429,0.0,1,0.611050436497611,0.163885588676811,1.14045499203753,14.6448,5.21218581737797,13.33956,0.339336252211993,0.441617601639001,0.172174396001111,0.186138005779931,0.258158531837296,0.0,388.039,8710,-9.56416273878269,-7.4599960407615,-11.6599961033464,1888.80002814531,95667.9166666667,90.9994730320313,0.400000005960464,1.45358230729244,3.98246160969128,8.7000001296401
3148,2024-01-02,RB11,4.5429,3.5429,1.0,2,0.611050436497611,0.163885588676811,1.14045499203753,14.6448,5.21218581737797,13.33956,0.339336252211993,0.441617601639001,0.172174396001111,0.186138005779931,0.258158531837296,0.0,388.039,8711,-7.99749604877087,-3.35999597966673,-10.7599960899353,2174.10003239661,95648.3333333333,92.8032849248546,0.0,4.43321750255121,6.68505806495843,1.60000002384186
3161,2024-01-03,RB11,4.5429,4.5429,0.0,3,0.611050436497611,0.163885588676811,1.14045499203753,14.6448,5.21218581737797,13.33956,0.339336252211993,0.441617601639001,0.172174396001111,0.186138005779931,0.258158531837296,0.0,388.039,8712,-2.8099959714711,-0.259995933473135,-5.45999601095917,1252.80001866817,95366.6666666667,93.5370438937398,0.200000002980232,2.75276284493029,5.4332311638439,0.400000005960464
3174,2024-01-04,RB11,5.5429,4.5429,1.0,4,0.611050436497611,0.163885588676811,1.14045499203753,14.6448,5.21218581737797,13.33956,0.339336252211993,0.441617601639001,0.172174396001111,0.186138005779931,0.258158531837296,0.0,388.039,8713,-5.03916267135493,-1.65999595433476,-12.4599961152673,1222.80001822114,95367.0833333333,90.0520495417697,6.10000009089708,4.14885298103998,9.79489677634404,0.600000008940697
3189,2024-01-05,RB11,5.5429,5.5429,0.0,5,0.611050436497611,0.163885588676811,1.14045499203753,14.6448,5.21218581737797,13.33956,0.339336252211993,0.441617601639001,0.172174396001111,0.186138005779931,0.258158531837296,0.0,388.039,8714,-12.4974961158261,-7.75999604523184,-15.8599961659312,1859.80002771318,95997.9166666667,85.4003673898005,0.700000010430813,5.05470143495285,8.90505487705293,6.30000009387732
3204,2024-01-06,RB11,13.5429,5.5429,8.0,6,0.611050436497611,0.163885588676811,1.14045499203753,14.6448,5.21218581737797,13.33956,0.339336252211993,0.441617601639001,0.172174396001111,0.186138005779931,0.258158531837296,0.0,388.039,8715,-7.58499604262414,-5.05999600499871,-10.0599960795045,1867.90002783388,96023.3333333333,90.9558096515778,1.50000002235174,3.30727127357665,8.69770097523166,7.00000010430813
3219,2024-01-07,RB11,23.5429,13.5429,10.0,7,0.611050436497611,0.163885588676811,1.14045499203753,14.6448,5.21218581737797,13.33956,0.339336252211993,0.441617601639001,0.172174396001111,0.186138005779931,0.258158531837296,0.0,388.039,8716,-7.45166270730399,-5.55999601244929,-8.65999605864289,1381.20002058148,95044.1666666667,94.7629627976218,8.90000013262033,0.806890173573839,4.39317659276119,8.30000012367964
3234,2024-01-08,RB11,21.5429,23.5429,-2.0,8,0.611050436497611,0.163885588676811,1.14045499203753,14.6448,5.21218581737797,13.33956,0.339336252211993,0.441617601639001,0.172174396001111,0.186138005779931,0.258158531837296,0.0,388.039,8717,-7.23082937067998,-4.55999599754813,-9.65999607354405,1676.80002498627,95935.4166666667,89.7888646997557,3.60000005364418,5.42124829144142,8.64523002744436,11.1000001654029
3250,2024-01-09,RB11,35.4595666666667,21.5429,13.9166666666667,9,0.611050436497611,0.163885588676811,1.14045499203753,14.6448,5.21218581737797,13.33956,0.339336252211993,0.441617601639001,0.172174396001111,0.186138005779931,0.258158531837296,0.0,388.039,8718,-6.86832936527831,-5.25999600797894,-9.25999606758359,1995.30002973229,96557.5,93.9518602876107,0.500000007450581,1.97482632498381,7.84091843040385,14.0000002086163
3266,2024-01-10,RB11,23.5429,35.4595666666667,-11.9166666666667,10,0.611050436497611,0.163885588676811,1.14045499203753,14.6448,5.21218581737797,13.33956,0.339336252211993,0.441617601639001,0.172174396001111,0.186138005779931,0.258158531837296,0.0,388.039,8719,-0.414162602437064,2.84000411272046,-5.75999601542952,1389.90002071112,93310.0,95.5358662383176,37.7000005617738,8.37688288848181,17.0601878264563,13.0000001937151
3282,2024-01-11,RB11,25.5429,23.5429,2.0,11,0.611050436497611,0.163885588676811,1.14045499203753,14.6448,5.21218581737797,13.33956,0.339336252211993,0.441617601639001,0.172174396001111,0.186138005779931,0.258158531837296,0.0,388.039,8720,-3.35999597966673,0.64000407993791,-5.55999601244929,1617.60002410412,94370.4166666667,91.6682212513867,2.5000000372529,6.16937014638372,10.5118981774538,41.8000006228685
3297,2024-01-12,RB11,29.2929,25.5429,3.75,12,0.611050436497611,0.163885588676811,1.14045499203753,14.6448,5.21218581737797,13.33956,0.339336252211993,0.441617601639001,0.172174396001111,0.186138005779931,0.258158531837296,0.0,388.039,8721,-5.21416267396264,-3.35999597966673,-6.95999603331092,2352.90003506094,95759.5833333333,95.2142828220006,3.20000004768372,2.01700679818523,4.75078947888016,40.7000006064773
3312,2024-01-13,RB11,26.5429,29.2929,-2.75,13,0.611050436497611,0.163885588676811,1.14045499203753,14.6448,5.21218581737797,13.33956,0.339336252211993,0.441617601639001,0.172174396001111,0.186138005779931,0.258158531837296,0.0,388.039,8722,-1.77249595601114,1.64000409483907,-6.05999601989987,736.200010970235,94143.75,95.7126053701411,19.2000002861023,8.48770705208944,15.3938301621869,43.4000006467104
3327,2024-01-14,RB11,31.5429,26.5429,5.0,14,0.611050436497611,0.163885588676811,1.14045499203753,14.6448,5.21218581737797,13.33956,0.339336252211993,0.441617601639001,0.172174396001111,0.186138005779931,0.258158531837296,0.0,388.039,8723,-5.11832933920128,-1.05999594539406,-8.15999605119231,1198.20001785457,94078.75,87.7319540705813,3.40000005066395,6.96503957267648,9.34719223103007,24.9000003710389
3341,2024-01-15,RB11,29.5429,31.5429,-2.0,15,0.611050436497611,0.163885588676811,1.14045499203753,14.6448,5.21218581737797,13.33956,0.339336252211993,0.441617601639001,0.172174396001111,0.186138005779931,0.258158531837296,0.0,388.039,8724,-9.830829409423,-6.65999602884057,-13.1599961256981,1882.80002805591,95603.3333333333,86.3398771898331,0.600000008940697,5.35450051946092,9.3000001385808,25.80000038445
3356,2024-01-16,RB11,39.5429,29.5429,10.0,16,0.611050436497611,0.163885588676811,1.14045499203753,14.6448,5.21218581737797,13.33956,0.339336252211993,0.441617601639001,0.172174396001111,0.186138005779931,0.258158531837296,0.0,388.039,8725,-12.2016627780845,-9.3599960690737,-13.959996137619,1754.20002613962,95515.8333333333,87.7410517882579,6.30000009387732,2.18505331499596,4.36004593628808,23.2000003457069
3371,2024-01-17,RB11,37.5429,39.5429,-2.0,17,0.611050436497611,0.163885588676811,1.14045499203753,14.6448,5.21218581737797,13.33956,0.339336252211993,0.441617601639001,0.172174396001111,0.186138005779931,0.258158531837296,0.0,388.039,8726,-11.6599961033464,-9.3599960690737,-12.9599961227179,1449.60002160072,94694.1666666667,84.9917941679889,0.700000010430813,5.76116857807159,7.99249660017271,10.300000153482
3386,2024-01-18,RB11,40.5429,37.5429,3.0,18,0.611050436497611,0.163885588676811,1.14045499203753,14.6448,5.21218581737797,13.33956,0.339336252211993,0.441617601639001,0.172174396001111,0.186138005779931,0.258158531837296,0.0,388.039,8727,-12.0724961094931,-8.55999605715277,-14.1599961405993,1465.80002184212,95287.5,84.6355689875986,0.600000008940697,5.76337063327771,8.59069276597711,7.60000011324883
3402,2024-01-19,RB11,37.5429,40.5429,-3.0,19,0.611050436497611,0.163885588676811,1.14045499203753,14.6448,5.21218581737797,13.33956,0.339336252211993,0.441617601639001,0.172174396001111,0.186138005779931,0.258158531837296,0.0,388.039,8728,-11.8933294401566,-9.65999607354405,-16.8599961808324,2146.50003198534,95262.5,83.6070712627423,1.00000001490116,2.96179104586024,5.73149203776873,7.60000011324883
3418,2024-01-20,RB11,36.5429,37.5429,-1.0,20,0.611050436497611,0.163885588676811,1.14045499203753,14.6448,5.21218581737797,13.33956,0.339336252211993,0.441617601639001,0.172174396001111,0.186138005779931,0.258158531837296,0.0,388.039,8729,-18.0349961983413,-16.0599961689115,-19.959996227026,859.900012813509,95025.0,84.8689050140906,0.100000001490116,8.07068088674728,11.2432203468273,2.30000003427267
3434,2024-01-21,RB11,35.5429,36.5429,-1.0,21,0.611050436497611,0.163885588676811,1.14045499203753,14.6448,5.21218581737797,13.33956,0.339336252211993,0.441617601639001,0.172174396001111,0.186138005779931,0.258158531837296,0.0,388.039,8730,-15.5016628272583,-12.0599961093068,-17.6599961927533,2389.7000356093,96004.5833333333,84.5708372577386,0.0,8.47270908047228,10.3276329901249,1.70000002533197
3450,2024-01-22,RB11,34.5429,35.5429,-1.0,22,0.611050436497611,0.163885588676811,1.14045499203753,14.6448,5.21218581737797,13.33956,0.339336252211993,0.441617601639001,0.172174396001111,0.186138005779931,0.258158531837296,0.0,388.039,8731,-10.3183294166873,-3.95999598860743,-16.2599961718917,2230.900033243,96703.3333333333,91.4920661542099,0.0,5.20565011489723,8.13941041933652,1.10000001639128
3466,2024-01-23,RB11,37.5429,34.5429,3.0,23,0.611050436497611,0.163885588676811,1.14045499203753,14.6448,5.21218581737797,13.33956,0.339336252211993,0.441617601639001,0.172174396001111,0.186138005779931,0.258158531837296,0.0,388.039,8732,-4.82249600145968,-3.45999598115685,-6.55999602735045,1667.80002485216,96744.5833333333,91.7189897508083,0.0,5.4756785033377,9.86813066908572,0.100000001490116
3481,2024-01-24,RB11,34.5429,37.5429,-3.0,24,0.611050436497611,0.163885588676811,1.14045499203753,14.6448,5.21218581737797,13.33956,0.339336252211993,0.441617601639001,0.172174396001111,0.186138005779931,0.258158531837296,0.0,388.039,8733,-5.05999600499871,-2.65999596923592,-7.65999604374173,1033.30001539737,97139.1666666667,97.3868703357452,2.70000004023314,1.43265157814491,3.25576416773461,0.0
3496,2024-01-25,RB11,30.5429,34.5429,-4.0,25,0.611050436497611,0.163885588676811,1.14045499203753,14.6448,5.21218581737797,13.33956,0.339336252211993,0.441617601639001,0.172174396001111,0.186138005779931,0.258158531837296,0.0,388.039,8734,0.0233374040821938,1.54000409334895,-1.75999595582488,2107.30003140122,96175.4166666667,100.0,8.30000012367964,2.00610264813588,4.90408000717218,2.70000004023314
3511,2024-01-26,RB11,28.6429,30.5429,-1.9,26,0.611050436497611,0.163885588676811,1.14045499203753,14.6448,5.21218581737797,13.33956,0.339336252211993,0.441617601639001,0.172174396001111,0.186138005779931,0.258158531837296,0.0,388.039,8735,-0.439162602809593,0.240004073977445,-0.959995943903948,747.900011144578,96154.5833333333,100.0,10.1000001505017,1.52376552990962,4.6647615853866,11.0000001639128
3526,2024-01-27,RB11,27.5429,28.6429,-1.1,27,0.611050436497611,0.163885588676811,1.14045499203753,14.6448,5.21218581737797,13.33956,0.339336252211993,0.441617601639001,0.172174396001111,0.186138005779931,0.258158531837296,0.0,388.039,8736,-1.0933292792241,0.340004075467562,-1.95999595880511,1836.90002737194,96193.75,100.0,0.0,0.883131421615385,2.25610286815425,21.1000003144145
3541,2024-01-28,RB11,26.5429,27.5429,-1.0,28,0.611050436497611,0.163885588676811,1.14045499203753,14.6448,5.21218581737797,13.33956,0.339336252211993,0.441617601639001,0.172174396001111,0.186138005779931,0.258158531837296,0.0,388.039,8737,-2.43082929915441,-1.75999595582488,-3.45999598115685,2517.40003751218,95800.0,99.5419450327105,0.0,1.65269684791776,2.64764049842766,18.4000002741814
3556,2024-01-29,RB11,26.5429,26.5429,0.0,29,0.611050436497611,0.163885588676811,1.14045499203753,14.6448,5.21218581737797,13.33956,0.339336252211993,0.441617601639001,0.172174396001111,0.186138005779931,0.258158531837296,0.0,388.039,8738,-4.01416265608124,-2.25999596327546,-5.95999601840975,1646.00002452731,95175.8333333333,93.507760800762,0.0,3.61099918702449,5.20864673485705,10.1000001505017
3571,2024-01-30,RB11,26.5429,26.5429,0.0,30,0.611050436497611,0.163885588676811,1.14045499203753,14.6448,5.21218581737797,13.33956,0.339336252211993,0.441617601639001,0.172174396001111,0.186138005779931,0.258158531837296,0.0,388.039,8739,-6.47666269277535,-4.3599959945679,-8.95999606311324,2736.50004077703,96126.25,87.8358579991171,0.0,1.55242147541324,3.14006374041211,0.0
3586,2024-01-31,RB11,26.5429,26.5429,0.0,31,0.611050436497611,0.163885588676811,1.14045499203753,14.6448,5.21218581737797,13.33956,0.339336252211993,0.441617601639001,0.172174396001111,0.186138005779931,0.258158531837296,0.0,388.039,8740,-3.29332931200666,0.140004072487329,-5.15999600648883,1977.60002946854,95883.75,90.6909797675986,0.0,1.62222051852312,3.15753072782026,0.0
3602,2024-02-01,RB11,26.5429,26.5429,0.0,32,0.611050436497611,0.163885588676811,1.14045499203753,14.6448,5.21218581737797,13.33956,0.339336252211993,0.441617601639001,0.172174396001111,0.186138005779931,0.258158531837296,0.0,388.039,8741,-0.755829274194961,0.340004075467562,-2.05999596029523,1411.50002103299,95363.75,91.9484323788398,0.500000007450581,2.29917372065453,3.73630839412921,0.0
3618,2024-02-02,RB11,27.5429,26.5429,1.0,33,0.611050436497611,0.163885588676811,1.14045499203753,14.6448,5.21218581737797,13.33956,0.339336252211993,0.441617601639001,0.172174396001111,0.186138005779931,0.258158531837296,0.0,388.039,8742,-2.02249595973643,-0.859995942413832,-6.75999603033068,1425.6000212431,95331.6666666667,97.1042786462637,0.800000011920929,2.79533840670451,5.18844878574305,0.500000007450581
3634,2024-02-03,RB11,26.5429,27.5429,-1.0,34,0.611050436497611,0.163885588676811,1.14045499203753,14.6448,5.21218581737797,13.33956,0.339336252211993,0.441617601639001,0.172174396001111,0.186138005779931,0.258158531837296,0.0,388.039,8743,-8.5849960575253,-5.85999601691964,-10.7599960899353,2187.50003259629,95940.0,89.9853278665398,0.0,2.8626734508559,4.78016743231689,1.30000001937151
3650,2024-02-04,RB11,26.5429,26.5429,0.0,35,0.611050436497611,0.163885588676811,1.14045499203753,14.6448,5.21218581737797,13.33956,0.339336252211993,0.441617601639001,0.172174396001111,0.186138005779931,0.258158531837296,0.0,388.039,8744,-7.91832938092453,-2.85999597221615,-10.5599960869551,2990.40004456043,95748.3333333333,86.4535229904372,0.0,2.90640963228304,5.64358050790489,1.30000001937151
3666,2024-02-05,RB11,27.5429,26.5429,1.0,36,0.611050436497611,0.163885588676811,1.14045499203753,14.6448,5.21218581737797,13.33956,0.339336252211993,0.441617601639001,0.172174396001111,0.186138005779931,0.258158531837296,0.0,388.039,8745,-8.22249605212363,-4.65999599903824,-11.7599961048365,3270.70004873723,95626.25,77.9258872042899,0.0,2.72535732100496,4.5617979591589,0.800000011920929
3682,2024-02-06,RB11,27.5429,27.5429,0.0,37,0.611050436497611,0.163885588676811,1.14045499203753,14.6448,5.21218581737797,13.33956,0.339336252211993,0.441617601639001,0.172174396001111,0.186138005779931,0.258158531837296,0.0,388.039,8746,-7.16832936974866,-0.759995940923716,-11.359996098876,3239.00004826486,96220.4166666667,86.5484311182783,0.0,2.36216573313358,3.74833301865278,0.0
3699,2024-02-07,RB11,26.5429,27.5429,-1.0,38,0.611050436497611,0.163885588676811,1.14045499203753,14.6448,5.21218581737797,13.33956,0.339336252211993,0.441617601639001,0.172174396001111,0.186138005779931,0.258158531837296,0.0,388.039,8747,-5.58916267955057,-0.459995936453367,-8.85999606162312,2830.30004217476,96580.0,90.5332591959648,0.0,1.12314555969163,2.90000004321337,0.0
3717,2024-02-08,RB11,26.5429,26.5429,0.0,39,0.611050436497611,0.163885588676811,1.14045499203753,14.6448,5.21218581737797,13.33956,0.339336252211993,0.441617601639001,0.172174396001111,0.186138005779931,0.258158531837296,0.0,388.039,8748,-1.82666262348495,4.04000413060186,-4.55999599754813,3268.40004870296,96553.75,89.0616538861039,0.0,1.48388582625225,3.89486847686815,0.0
3734,2024-02-09,RB11,25.5429,26.5429,-1.0,40,0.611050436497611,0.163885588676811,1.14045499203753,14.6448,5.21218581737797,13.33956,0.339336252211993,0.441617601639001,0.172174396001111,0.186138005779931,0.258158531837296,0.0,388.039,8749,0.977504084967052,4.34000413507221,-1.15999594688418,3153.6000469923,95885.0,77.9254826413893,0.0,1.20957468729945,3.80788660967389,0.0
3752,2024-02-10,RB11,21.5429,25.5429,-4.0,41,0.611050436497611,0.163885588676811,1.14045499203753,14.6448,5.21218581737797,13.33956,0.339336252211993,0.441617601639001,0.172174396001111,0.186138005779931,0.258158531837296,0.0,388.039,8750,4.39833746927477,7.44000418126581,2.04000410079954,1564.60002331436,95017.0833333333,87.4234359346107,3.50000005215406,3.62945143637817,6.3063461041429,0.0
3769,2024-02-11,RB11,20.5429,21.5429,-1.0,42,0.611050436497611,0.163885588676811,1.14045499203753,14.6448,5.21218581737797,13.33956,0.339336252211993,0.441617601639001,0.172174396001111,0.186138005779931,0.258158531837296,0.0,388.039,8751,0.294170741451258,3.94000412911174,-1.45999595135453,1823.70002717525,95070.0,88.3124519440745,0.0,5.11585577842553,7.43034330602471,3.50000005215406
3786,2024-02-12,RB11,20.5429,20.5429,0.0,43,0.611050436497611,0.163885588676811,1.14045499203753,14.6448,5.21218581737797,13.33956,0.339336252211993,0.441617601639001,0.172174396001111,0.186138005779931,0.258158531837296,0.0,388.039,8752,-2.70166263652347,-1.95999595880511,-3.35999597966673,2103.30003134161,95260.4166666667,91.0950735198584,0.0,3.78265458597661,5.72013994366676,3.50000005215406
3804,2024-02-13,RB11,33.5429,20.5429,13.0,44,0.611050436497611,0.163885588676811,1.14045499203753,14.6448,5.21218581737797,13.33956,0.339336252211993,0.441617601639001,0.172174396001111,0.186138005779931,0.258158531837296,0.0,388.039,8753,-3.88499598748984,-1.35999594986441,-5.85999601691964,2390.10003561527,94737.5,81.5961651983281,0.0,2.36221782961183,5.34134822402175,3.50000005215406
3823,2024-02-14,RB11,28.5429,33.5429,-5.0,45,0.611050436497611,0.163885588676811,1.14045499203753,14.6448,5.21218581737797,13.33956,0.339336252211993,0.441617601639001,0.172174396001111,0.186138005779931,0.258158531837296,0.0,388.039,8754,-9.68499607391658,-4.15999599158766,-13.959996137619,1873.30002791435,94929.1666666667,80.3178538892837,4.40000006556511,7.98304635143557,12.543125794187,0.0
3842,2024-02-15,RB11,36.0429,28.5429,7.5,46,0.611050436497611,0.163885588676811,1.14045499203753,14.6448,5.21218581737797,13.33956,0.339336252211993,0.441617601639001,0.172174396001111,0.186138005779931,0.258158531837296,0.0,388.039,8755,-10.6099960877002,-6.15999602138999,-14.75999614954,3603.8000537008,95623.75,78.4294441681709,0.0,5.06905117374925,13.1369709272452,4.40000006556511
3861,2024-02-16,RB11,39.5429,36.0429,3.5,47,0.611050436497611,0.163885588676811,1.14045499203753,14.6448,5.21218581737797,13.33956,0.339336252211993,0.441617601639001,0.172174396001111,0.186138005779931,0.258158531837296,0.0,388.039,8756,-7.65166271028422,-5.45999601095917,-10.0599960795045,1425.50002124161,94580.4166666667,87.1742026049335,7.80000011622906,4.45609042061715,9.01387832297723,4.40000006556511
3880,2024-02-17,RB11,38.5429,39.5429,-1.0,48,0.611050436497611,0.163885588676811,1.14045499203753,14.6448,5.21218581737797,13.33956,0.339336252211993,0.441617601639001,0.172174396001111,0.186138005779931,0.258158531837296,0.0,388.039,8757,-8.75999606013301,-5.85999601691964,-13.059996124208,1887.50002812594,94785.0,86.9088302665258,1.70000002533197,3.39785527354149,6.55133583928619,12.2000001817942
3899,2024-02-18,RB11,44.5429,38.5429,6.0,49,0.611050436497611,0.163885588676811,1.14045499203753,14.6448,5.21218581737797,13.33956,0.339336252211993,0.441617601639001,0.172174396001111,0.186138005779931,0.258158531837296,0.0,388.039,8758,-11.4391627667224,-6.15999602138999,-16.2599961718917,1153.90001719445,94535.8333333333,83.9103519223869,0.700000010430813,4.20178657803607,7.10633530766859,9.50000014156103
3918,2024-02-19,RB11,39.5429,44.5429,-5.0,50,0.611050436497611,0.163885588676811,1.14045499203753,14.6448,5.21218581737797,13.33956,0.339336252211993,0.441617601639001,0.172174396001111,0.186138005779931,0.258158531837296,0.0,388.039,8759,-10.0391627458607,-7.05999603480103,-13.3599961286783,2948.40004393458,95346.6666666667,82.1771481218548,3.50000005215406,6.15930925315149,8.47230795823728,10.2000001519918
3937,2024-02-20,RB11,37.5429,39.5429,-2.0,51,0.611050436497611,0.163885588676811,1.14045499203753,14.6448,5.21218581737797,13.33956,0.339336252211993,0.441617601639001,0.172174396001111,0.186138005779931,0.258158531837296,0.0,388.039,8760,-12.2891627793884,-6.75999603033068,-16.2599961718917,3729.20005556941,96739.5833333333,88.4529339142492,0.300000004470348,4.44669547069154,5.78013849277814,5.90000008791685
3956,2024-02-21,RB11,35.5429,37.5429,-2.0,52,0.611050436497611,0.163885588676811,1.14045499203753,14.6448,5.21218581737797,13.33956,0.339336252211993,0.441617601639001,0.172174396001111,0.186138005779931,0.258158531837296,0.0,388.039,8761,-7.01832936751348,0.64000407993791,-11.0599960944057,3969.30005914718,96913.3333333333,84.4934290045958,0.0,2.11867389717064,5.57135539389331,4.50000006705523
3974,2024-02-22,RB11,33.5429,35.5429,-2.0,53,0.611050436497611,0.163885588676811,1.14045499203753,14.6448,5.21218581737797,13.33956,0.339336252211993,0.441617601639001,0.172174396001111,0.186138005779931,0.258158531837296,0.0,388.039,8762,-2.55999596774581,1.74000409632919,-5.45999601095917,2146.00003197789,95605.8333333333,77.0552018904313,1.50000002235174,1.19986578234044,2.6019224050232,3.80000005662441
3992,2024-02-23,RB11,30.5429,33.5429,-3.0,54,0.611050436497611,0.163885588676811,1.14045499203753,14.6448,5.21218581737797,13.33956,0.339336252211993,0.441617601639001,0.172174396001111,0.186138005779931,0.258158531837296,0.0,388.039,8763,0.6316707464804,6.1400041618943,-1.65999595433476,3574.5000532642,94222.9166666667,93.9554152823681,2.30000003427267,1.41579956488396,2.91204399910504,1.80000002682209
4010,2024-02-24,RB11,30.5429,30.5429,0.0,55,0.611050436497611,0.163885588676811,1.14045499203753,14.6448,5.21218581737797,13.33956,0.339336252211993,0.441617601639001,0.172174396001111,0.186138005779931,0.258158531837296,0.0,388.039,8764,-10.3558294172461,1.44000409185884,-17.1599961853028,3980.60005931556,94550.8333333333,84.1158956518348,0.0,6.68161624357992,8.47230795823728,3.80000005662441
4028,2024-02-25,RB11,32.5429,30.5429,2.0,56,0.611050436497611,0.163885588676811,1.14045499203753,14.6448,5.21218581737797,13.33956,0.339336252211993,0.441617601639001,0.172174396001111,0.186138005779931,0.258158531837296,0.0,388.039,8765,-11.6558294366176,-0.259995933473135,-18.3599962031842,4249.50006332248,95542.0833333333,68.7555168608181,0.0,2.65150409976213,5.64358050790489,3.80000005662441
4046,2024-02-26,RB11,30.5429,32.5429,-2.0,57,0.611050436497611,0.163885588676811,1.14045499203753,14.6448,5.21218581737797,13.33956,0.339336252211993,0.441617601639001,0.172174396001111,0.186138005779931,0.258158531837296,0.0,388.039,8766,-2.05999596029523,1.74000409632919,-5.65999601393941,3336.20004971325,95367.0833333333,77.2486645075875,0.900000013411045,1.9491180477071,4.52769263653659,2.30000003427267
4064,2024-02-27,RB11,26.1054,30.5429,-4.4375,58,0.611050436497611,0.163885588676811,1.14045499203753,14.6448,5.21218581737797,13.33956,0.339336252211993,0.441617601639001,0.172174396001111,0.186138005779931,0.258158531837296,0.0,388.039,8767,1.77333743015923,10.8400042319298,-4.85999600201848,4273.00006367266,95649.1666666667,71.3883740657739,0.0,0.620532436447245,2.70185125748198,0.900000013411045
4079,2024-02-28,RB11,23.5429,26.1054,-2.5625,59,0.611050436497611,0.163885588676811,1.14045499203753,14.6448,5.21218581737797,13.33956,0.339336252211993,0.441617601639001,0.172174396001111,0.186138005779931,0.258158531837296,0.0,388.039,8768,6.59417083532857,10.0400042200088,3.74000412613151,2564.00003820658,94539.1666666667,89.6767730314463,0.100000001490116,0.824076051311489,4.66904708154572,0.900000013411045
4095,2024-02-29,RB11,23.5429,23.5429,0.0,60,0.611050436497611,0.163885588676811,1.14045499203753,14.6448,5.21218581737797,13.33956,0.339336252211993,0.441617601639001,0.172174396001111,0.186138005779931,0.258158531837296,0.0,388.039,8769,-8.77249606031927,9.74000421553848,-13.8599961361289,2775.00004135072,95232.9166666667,80.5469822685149,6.50000009685755,8.10411692944004,12.0768375142944,1.00000001490116
4111,2024-03-01,RB11,23.5429,23.5429,0.0,61,0.611050436497611,0.163885588676811,1.14045499203753,14.6448,5.21218581737797,13.33956,0.339336252211993,0.441617601639001,0.172174396001111,0.186138005779931,0.258158531837296,0.0,388.039,8770,-10.3599960839749,-0.059995930492903,-16.0599961689115,4529.30006749183,96826.6666666667,72.0495412372506,0.0,4.42418648947361,7.00357062231858,6.60000009834766
4127,2024-03-02,RB11,21.5429,23.5429,-2.0,62,0.611050436497611,0.163885588676811,1.14045499203753,14.6448,5.21218581737797,13.33956,0.339336252211993,0.441617601639001,0.172174396001111,0.186138005779931,0.258158531837296,0.0,388.039,8771,0.465004077330207,3.74000412613151,-2.05999596029523,1790.00002667308,96834.5833333333,79.2086212752936,5.90000008791685,1.84348204201395,4.93963568769769,6.60000009834766
4143,2024-03-03,RB11,18.5429,21.5429,-3.0,63,0.611050436497611,0.163885588676811,1.14045499203753,14.6448,5.21218581737797,13.33956,0.339336252211993,0.441617601639001,0.172174396001111,0.186138005779931,0.258158531837296,0.0,388.039,8772,3.70250412557272,7.24000417828557,1.44000409185884,3508.10005227476,96443.3333333333,100.0,1.30000001937151,1.1266170647735,3.26955659357455,12.4000001847744
4159,2024-03-04,RB11,15.5429,18.5429,-3.0,64,0.611050436497611,0.163885588676811,1.14045499203753,14.6448,5.21218581737797,13.33956,0.339336252211993,0.441617601639001,0.172174396001111,0.186138005779931,0.258158531837296,0.0,388.039,8773,3.39417078764486,6.94000417381523,0.64000407993791,4788.6000713557,96856.25,98.5916530447241,0.0,1.26830582783574,2.8160256100278,7.20000010728836
4174,2024-03-05,RB11,13.5429,15.5429,-2.0,65,0.611050436497611,0.163885588676811,1.14045499203753,14.6448,5.21218581737797,13.33956,0.339336252211993,0.441617601639001,0.172174396001111,0.186138005779931,0.258158531837296,0.0,388.039,8774,3.88583746163793,6.04000416040418,2.04000410079954,2668.70003976673,96514.5833333333,93.2716974705902,1.90000002831221,2.74213391346015,5.18652106924116,7.20000010728836
4189,2024-03-06,RB11,11.5429,13.5429,-2.0,66,0.611050436497611,0.163885588676811,1.14045499203753,14.6448,5.21218581737797,13.33956,0.339336252211993,0.441617601639001,0.172174396001111,0.186138005779931,0.258158531837296,0.0,388.039,8775,4.15250413227824,5.94000415891406,2.64000410974023,1466.80002185702,95794.5833333333,100.0,13.7000002041459,1.37292447933609,3.50142833217767,3.20000004768372
4205,2024-03-07,RB11,10.5429,11.5429,-1.0,67,0.611050436497611,0.163885588676811,1.14045499203753,14.6448,5.21218581737797,13.33956,0.339336252211993,0.441617601639001,0.172174396001111,0.186138005779931,0.258158531837296,0.0,388.039,8776,2.86500411309299,4.24000413358209,0.840004082918142,4522.60006739199,95864.5833333333,97.8563260674896,17.7000002637506,2.94052318482273,5.45618922758505,15.6000002324581
4219,2024-03-08,RB11,8.5429,10.5429,-2.0,68,0.611050436497611,0.163885588676811,1.14045499203753,14.6448,5.21218581737797,13.33956,0.339336252211993,0.441617601639001,0.172174396001111,0.186138005779931,0.258158531837296,0.0,388.039,8777,0.994170751882071,8.34000419467685,-3.95999598860743,5520.70008226484,96589.5833333333,69.7031791420302,0.0,1.60231096397939,2.76586337840244,33.3000004962087
4237,2024-03-09,RB11,18.5429,8.5429,10.0,69,0.611050436497611,0.163885588676811,1.14045499203753,14.6448,5.21218581737797,13.33956,0.339336252211993,0.441617601639001,0.172174396001111,0.186138005779931,0.258158531837296,0.0,388.039,8778,0.419170743313903,2.44000410676,-2.15999596178534,3195.00004760921,96180.8333333333,68.2441169162483,0.300000004470348,2.19719286271461,9.56033486463378,31.4000004678965
4254,2024-03-10,RB11,33.0429,18.5429,14.5,70,0.611050436497611,0.163885588676811,1.14045499203753,14.6448,5.21218581737797,13.33956,0.339336252211993,0.441617601639001,0.172174396001111,0.186138005779931,0.258158531837296,0.0,388.039,8779,-0.647495939247335,1.14000408738849,-2.25999596327546,2462.70003669709,94012.0833333333,95.76702464227,27.4000004082918,3.91320118236889,8.95544540434178,18.0000002682209
4271,2024-03-11,RB11,40.5429,33.0429,7.5,71,0.611050436497611,0.163885588676811,1.14045499203753,14.6448,5.21218581737797,13.33956,0.339336252211993,0.441617601639001,0.172174396001111,0.186138005779931,0.258158531837296,0.0,388.039,8780,-5.30582934199524,-2.15999596178534,-7.85999604672196,1460.30002176017,93711.6666666667,87.0723260922904,8.90000013262033,10.1709186712607,12.7632286218965,27.7000004127622
4288,2024-03-12,RB11,31.5429,40.5429,-9.0,72,0.611050436497611,0.163885588676811,1.14045499203753,14.6448,5.21218581737797,13.33956,0.339336252211993,0.441617601639001,0.172174396001111,0.186138005779931,0.258158531837296,0.0,388.039,8781,-3.22666264434658,1.04000408589837,-5.65999601393941,5776.60008607805,94721.6666666667,82.5348912319781,0.0,9.31041069770043,12.3458496889631,36.6000005453825
4305,2024-03-13,RB11,25.5429,31.5429,-6.0,73,0.611050436497611,0.163885588676811,1.14045499203753,14.6448,5.21218581737797,13.33956,0.339336252211993,0.441617601639001,0.172174396001111,0.186138005779931,0.258158531837296,0.0,388.039,8782,-0.172495932169284,7.64000418424604,-5.45999601095917,3291.70004905015,95331.25,66.2821646642593,0.0,1.08493933001465,5.46443051835206,36.3000005409122
4322,2024-03-14,RB11,19.5429,25.5429,-6.0,74,0.611050436497611,0.163885588676811,1.14045499203753,14.6448,5.21218581737797,13.33956,0.339336252211993,0.441617601639001,0.172174396001111,0.186138005779931,0.258158531837296,0.0,388.039,8783,4.49417080403614,9.44000421106813,1.64000409483907,5609.40008358657,95710.8333333333,67.112369286393,0.0,1.46241536953237,3.92937659942997,8.90000013262033
4338,2024-03-15,RB11,18.5429,19.5429,-1.0,75,0.611050436497611,0.163885588676811,1.14045499203753,14.6448,5.21218581737797,13.33956,0.339336252211993,0.441617601639001,0.172174396001111,0.186138005779931,0.258158531837296,0.0,388.039,8784,1.34417075709748,4.34000413507221,-0.559995937943484,1998.40002977848,95279.5833333333,94.7569708496151,22.2000003308058,1.11861658171119,2.80713381135319,0.0
4352,2024-03-16,RB11,16.5429,18.5429,-2.0,76,0.611050436497611,0.163885588676811,1.14045499203753,14.6448,5.21218581737797,13.33956,0.339336252211993,0.441617601639001,0.172174396001111,0.186138005779931,0.258158531837296,0.0,388.039,8785,0.590004079192852,3.0400041157007,-1.15999594688418,4087.5000609085,94979.5833333333,97.38945385621,0.500000007450581,2.6194675518359,4.10000006109476,22.2000003308058
4367,2024-03-17,RB11,16.5429,16.5429,0.0,77,0.611050436497611,0.163885588676811,1.14045499203753,14.6448,5.21218581737797,13.33956,0.339336252211993,0.441617601639001,0.172174396001111,0.186138005779931,0.258158531837296,0.0,388.039,8786,0.635837413209155,1.94000409930942,-0.559995937943484,2404.80003583431,94187.0833333333,97.1925273115391,10.1000001505017,2.00468374512244,5.41294752174895,22.7000003382564
4384,2024-03-18,RB11,29.5429,16.5429,13.0,78,0.611050436497611,0.163885588676811,1.14045499203753,14.6448,5.21218581737797,13.33956,0.339336252211993,0.441617601639001,0.172174396001111,0.186138005779931,0.258158531837296,0.0,388.039,8787,-2.40999596551063,-0.559995937943484,-4.45999599605801,2697.70004019886,94303.3333333333,88.089622907292,5.30000007897615,4.57555675031607,6.10982823919959,32.8000004887581
4400,2024-03-19,RB11,27.5429,29.5429,-2.0,79,0.611050436497611,0.163885588676811,1.14045499203753,14.6448,5.21218581737797,13.33956,0.339336252211993,0.441617601639001,0.172174396001111,0.186138005779931,0.258158531837296,0.0,388.039,8788,-4.98082933715237,-2.55999596774581,-7.95999604821208,3687.90005495399,94345.8333333333,90.630812512319,11.7000001743436,5.52292596301465,8.87299286297114,15.9000002369285
4419,2024-03-20,RB11,36.5429,27.5429,9.0,80,0.611050436497611,0.163885588676811,1.14045499203753,14.6448,5.21218581737797,13.33956,0.339336252211993,0.441617601639001,0.172174396001111,0.186138005779931,0.258158531837296,0.0,388.039,8789,-3.2433293112616,1.14000408738849,-5.65999601393941,3591.90005352348,94246.6666666667,93.8368684392543,6.00000008940697,2.3326788445897,7.24223733131771,27.1000004038215
4438,2024-03-21,RB11,33.5429,36.5429,-3.0,81,0.611050436497611,0.163885588676811,1.14045499203753,14.6448,5.21218581737797,13.33956,0.339336252211993,0.441617601639001,0.172174396001111,0.186138005779931,0.258158531837296,0.0,388.039,8790,-9.50582940458012,-4.95999600350859,-12.4599961152673,2851.1000424847,94919.1666666667,86.7942417137135,3.1000000461936,9.66464002135368,13.6400148660008,23.0000003427267
4458,2024-03-22,RB11,36.5429,33.5429,3.0,82,0.611050436497611,0.163885588676811,1.14045499203753,14.6448,5.21218581737797,13.33956,0.339336252211993,0.441617601639001,0.172174396001111,0.186138005779931,0.258158531837296,0.0,388.039,8791,-11.8599961063266,-7.25999603778126,-15.9599961674214,5573.60008305311,96282.0833333333,84.120685076014,0.0,7.08441295999769,11.6249732914741,20.8000003099442
4478,2024-03-23,RB11,50.5429,36.5429,14.0,83,0.611050436497611,0.163885588676811,1.14045499203753,14.6448,5.21218581737797,13.33956,0.339336252211993,0.441617601639001,0.172174396001111,0.186138005779931,0.258158531837296,0.0,388.039,8792,-8.1058293837185,-4.25999599307778,-10.7599960899353,2793.60004162788,96062.0833333333,93.3581884657085,27.3000004068017,1.17063323791078,4.14366993276562,9.10000013560057
4497,2024-03-24,RB11,46.5429,50.5429,-4.0,84,0.611050436497611,0.163885588676811,1.14045499203753,14.6448,5.21218581737797,13.33956,0.339336252211993,0.441617601639001,0.172174396001111,0.186138005779931,0.258158531837296,0.0,388.039,8793,-8.39332938800258,-2.35999596476557,-12.6599961182475,6311.3000940457,96018.75,88.6082399374366,0.200000002980232,5.6913874160844,10.4120124486513,30.4000004529953
4518,2024-03-25,RB11,41.5429,46.5429,-5.0,85,0.611050436497611,0.163885588676811,1.14045499203753,14.6448,5.21218581737797,13.33956,0.339336252211993,0.441617601639001,0.172174396001111,0.186138005779931,0.258158531837296,0.0,388.039,8794,-5.44749601077291,4.9400041440129,-11.359996098876,6556.70009770244,97191.6666666667,74.0653218519394,0.0,0.603835466493446,5.51543297544143,27.5000004097819
4538,2024-03-26,RB11,33.5429,41.5429,-8.0,86,0.611050436497611,0.163885588676811,1.14045499203753,14.6448,5.21218581737797,13.33956,0.339336252211993,0.441617601639001,0.172174396001111,0.186138005779931,0.258158531837296,0.0,388.039,8795,1.4066707580288,9.54000421255824,-3.45999598115685,5261.50007840246,96685.0,59.4662640964735,0.0,1.0369145416936,4.95176743504306,27.5000004097819
4556,2024-03-27,RB11,28.5429,33.5429,-5.0,87,0.611050436497611,0.163885588676811,1.14045499203753,14.6448,5.21218581737797,13.33956,0.339336252211993,0.441617601639001,0.172174396001111,0.186138005779931,0.258158531837296,0.0,388.039,8796,2.46917077386128,6.34000416487453,-0.759995940923716,2343.40003491938,95912.9166666667,100.0,2.5000000372529,0.392593029955534,2.47588371752153,0.200000002980232
4574,2024-03-28,RB11,25.5429,28.5429,-3.0,88,0.611050436497611,0.163885588676811,1.14045499203753,14.6448,5.21218581737797,13.33956,0.339336252211993,0.441617601639001,0.172174396001111,0.186138005779931,0.258158531837296,0.0,388.039,8797,3.50250412259248,5.34000414997337,1.24000408887861,2885.60004299879,95725.8333333333,99.542475383871,0.100000001490116,1.78166491701361,3.92173436866391,2.5000000372529
4592,2024-03-29,RB11,22.5429,25.5429,-3.0,89,0.611050436497611,0.163885588676811,1.14045499203753,14.6448,5.21218581737797,13.33956,0.339336252211993,0.441617601639001,0.172174396001111,0.186138005779931,0.258158531837296,0.0,388.039,8798,0.210837406876162,4.24000413358209,-2.15999596178534,5310.50007913262,94915.8333333333,75.8716058550649,0.0,6.11029612663016,9.20217379338495,2.60000003874302
4611,2024-03-30,RB11,21.5429,22.5429,-1.0,90,0.611050436497611,0.163885588676811,1.14045499203753,14.6448,5.21218581737797,13.33956,0.339336252211993,0.441617601639001,0.172174396001111,0.186138005779931,0.258158531837296,0.0,388.039,8799,-2.25166262981795,2.04000410079954,-5.45999601095917,5392.80008035898,94492.9166666667,70.7800037330709,0.0,9.39762057437543,12.2024589504561,2.60000003874302
4630,2024-03-31,RB11,19.5429,21.5429,-2.0,91,0.611050436497611,0.163885588676811,1.14045499203753,14.6448,5.21218581737797,13.33956,0.339336252211993,0.441617601639001,0.172174396001111,0.186138005779931,0.258158531837296,0.0,388.039,8800,-0.122495931424226,5.64000415444372,-3.25999597817662,4964.10007397085,94956.6666666667,59.710796345217,0.0,4.77364541442522,7.47930489197639,0.100000001490116
4650,2024-04-01,RB11,15.5429,19.5429,-4.0,92,0.611050436497611,0.163885588676811,1.14045499203753,14.6448,5.21218581737797,13.33956,0.339336252211993,0.441617601639001,0.172174396001111,0.186138005779931,0.258158531837296,0.0,388.039,8801,2.28167077106732,9.34000420957801,-1.85999595731499,3002.9000447467,95572.0833333333,67.9180368115282,0.0,2.3213924728261,6.29682469040246,0.0
4668,2024-04-02,RB11,12.5429,15.5429,-3.0,93,0.611050436497611,0.163885588676811,1.14045499203753,14.6448,5.21218581737797,13.33956,0.339336252211993,0.441617601639001,0.172174396001111,0.186138005779931,0.258158531837296,0.0,388.039,8802,1.77333743015923,9.94000421851871,-3.05999597519639,4517.00006730855,95804.1666666667,70.3439360014523,0.0,2.17863590154352,6.51152833546921,0.0
4689,2024-04-03,RB11,22.0429,12.5429,9.5,94,0.611050436497611,0.163885588676811,1.14045499203753,14.6448,5.21218581737797,13.33956,0.339336252211993,0.441617601639001,0.172174396001111,0.186138005779931,0.258158531837296,0.0,388.039,8803,1.08583741991468,4.44000413656232,-1.65999595433476,3052.90004549176,95345.8333333333,72.3990091470584,3.40000005066395,4.62489456024841,8.98109138155577,0.0
4710,2024-04-04,RB11,39.5429,22.0429,17.5,95,0.611050436497611,0.163885588676811,1.14045499203753,14.6448,5.21218581737797,13.33956,0.339336252211993,0.441617601639001,0.172174396001111,0.186138005779931,0.258158531837296,0.0,388.039,8804,-2.9391626400625,-1.2599959483743,-4.15999599158766,3812.90005681664,94398.75,97.6670840137758,27.9000004157424,6.93947306126582,11.7273187088402,3.40000005066395
4730,2024-04-05,RB11,30.5429,39.5429,-9.0,96,0.611050436497611,0.163885588676811,1.14045499203753,14.6448,5.21218581737797,13.33956,0.339336252211993,0.441617601639001,0.172174396001111,0.186138005779931,0.258158531837296,0.0,388.039,8805,-1.86416262404375,1.54000409334895,-4.15999599158766,1973.60002940893,94198.3333333333,95.8263401713178,2.80000004172325,3.53213251200608,6.35688612485011,31.3000004664063
4750,2024-04-06,RB11,24.5429,30.5429,-6.0,97,0.611050436497611,0.163885588676811,1.14045499203753,14.6448,5.21218581737797,13.33956,0.339336252211993,0.441617601639001,0.172174396001111,0.186138005779931,0.258158531837296,0.0,388.039,8806,-1.85582929058624,0.340004075467562,-4.05999599009755,3055.90004553646,94988.75,94.9497135287759,0.0,4.89874766118533,5.92114862546697,34.1000005081296
4770,2024-04-07,RB11,21.5429,24.5429,-3.0,98,0.611050436497611,0.163885588676811,1.14045499203753,14.6448,5.21218581737797,13.33956,0.339336252211993,0.441617601639001,0.172174396001111,0.186138005779931,0.258158531837296,0.0,388.039,8807,-0.776662607838735,4.74000414103267,-4.85999600201848,6474.2000964731,95854.5833333333,89.6220814370976,0.0,3.44249390391154,5.07740098557361,30.7000004574656
4789,2024-04-08,RB11,16.5429,21.5429,-5.0,99,0.611050436497611,0.163885588676811,1.14045499203753,14.6448,5.21218581737797,13.33956,0.339336252211993,0.441617601639001,0.172174396001111,0.186138005779931,0.258158531837296,0.0,388.039,8808,5.49000415220854,12.5400042572617,1.74000409632919,6790.70010118932,96040.4166666667,54.7142893166795,0.0,3.64012293444986,6.51920250234634,2.80000004172325
4807,2024-04-09,RB11,10.5429,16.5429,-6.0,100,0.611050436497611,0.163885588676811,1.14045499203753,14.6448,5.21218581737797,13.33956,0.339336252211993,0.441617601639001,0.172174396001111,0.186138005779931,0.258158531837296,0.0,388.039,8809,9.47333754489817,16.9400043228268,5.04000414550302,6671.00009940565,95880.0,40.7064755990153,0.0,1.91849275782285,4.32781706616598,0.0
4822,2024-04-10,RB11,6.5429,10.5429,-4.0,101,0.611050436497611,0.163885588676811,1.14045499203753,14.6448,5.21218581737797,13.33956,0.339336252211993,0.441617601639001,0.172174396001111,0.186138005779931,0.258158531837296,0.0,388.039,8810,6.40250416580585,10.2400042229891,3.34000412017105,4017.7000598684,95884.1666666667,73.0889812505241,3.90000005811453,1.01325171844583,4.25440954063217,0.0
